crawl_at,source,month,segment,rank,series_id,series_name,brand_name,sub_brand_name,sales,price,last_rank,source_url
2026-06-25T00:56:33,懂车帝销量榜,2026年05月,全国零售榜,1,20154,星愿,吉利银河,吉利银河,38751,5.98-9.18万,1,https://www.dongchedi.com/sales/sale-x-x-x-x-x-x
2026-06-25T00:56:33,懂车帝销量榜,2026年05月,全国零售榜,2,4363,Model Y,特斯拉,特斯拉中国,28911,26.35-31.35万,3,https://www.dongchedi.com/sales/sale-x-x-x-x-x-x
2026-06-25T00:56:33,懂车帝销量榜,2026年05月,全国零售榜,3,6187,小米SU7,小米汽车,小米汽车,24023,21.99-30.39万,2,https://www.dongchedi.com/sales/sale-x-x-x-x-x-x
2026-06-25T00:56:33,懂车帝销量榜,2026年05月,全国零售榜,4,9267,零跑A10,零跑汽车,零跑汽车,22306,6.58-8.68万,9,https://www.dongchedi.com/sales/sale-x-x-x-x-x-x
2026-06-25T00:56:33,懂车帝销量榜,2026年05月,全国零售榜,5,25557,理想i6,理想汽车,理想汽车,20878,24.98-26.98万,4,https://www.dongchedi.com/sales/sale-x-x-x-x-x-x
2026-06-25T00:56:33,懂车帝销量榜,2026年05月,全国零售榜,6,3762,Model 3,特斯拉,特斯拉中国,18370,23.55-33.95万,141,https://www.dongchedi.com/sales/sale-x-x-x-x-x-x
2026-06-25T00:56:33,懂车帝销量榜,2026年05月,全国零售榜,7,4499,五菱宏光MINIEV,五菱汽车,上汽通用五菱,18308,3.28-5.28万,14,https://www.dongchedi.com/sales/sale-x-x-x-x-x-x
2026-06-25T00:56:33,懂车帝销量榜,2026年05月,全国零售榜,8,25953,问界M6,AITO,赛力斯汽车,18148,22.98-29.98万,113,https://www.dongchedi.com/sales/sale-x-x-x-x-x-x
2026-06-25T00:56:33,懂车帝销量榜,2026年05月,全国零售榜,9,9689,元UP,比亚迪,比亚迪,17043,6.98-10.48万,7,https://www.dongchedi.com/sales/sale-x-x-x-x-x-x
2026-06-25T00:56:33,懂车帝销量榜,2026年05月,全国零售榜,10,25559,钛7 PHEV,方程豹,方程豹,16247,17.98-21.98万,11,https://www.dongchedi.com/sales/sale-x-x-x-x-x-x
2026-06-25T00:56:33,懂车帝销量榜,2026年05月,全部轿车,1,20154,星愿,吉利银河,吉利银河,38751,5.98-9.18万,1,https://www.dongchedi.com/sales/sale-jc-x-x-x-x-x
2026-06-25T00:56:33,懂车帝销量榜,2026年05月,全部轿车,2,6187,小米SU7,小米汽车,小米汽车,24023,21.99-30.39万,2,https://www.dongchedi.com/sales/sale-jc-x-x-x-x-x
2026-06-25T00:56:33,懂车帝销量榜,2026年05月,全部轿车,3,3762,Model 3,特斯拉,特斯拉中国,18370,23.55-33.95万,59,https://www.dongchedi.com/sales/sale-jc-x-x-x-x-x
2026-06-25T00:56:33,懂车帝销量榜,2026年05月,全部轿车,4,4499,五菱宏光MINIEV,五菱汽车,上汽通用五菱,18308,3.28-5.28万,5,https://www.dongchedi.com/sales/sale-jc-x-x-x-x-x
2026-06-25T00:56:33,懂车帝销量榜,2026年05月,全部轿车,5,5828,MG4,名爵,上汽集团,15067,6.58-9.98万,6,https://www.dongchedi.com/sales/sale-jc-x-x-x-x-x
2026-06-25T00:56:33,懂车帝销量榜,2026年05月,全部轿车,6,10170,小鹏MONA M03,小鹏汽车,小鹏汽车,14160,11.98-15.18万,4,https://www.dongchedi.com/sales/sale-jc-x-x-x-x-x
2026-06-25T00:56:33,懂车帝销量榜,2026年05月,全部轿车,7,26039,缤果Pro,五菱汽车,上汽通用五菱,13657,5.68-6.98万,0,https://www.dongchedi.com/sales/sale-jc-x-x-x-x-x
2026-06-25T00:56:33,懂车帝销量榜,2026年05月,全部轿车,8,393,朗逸,大众,上汽大众,13033,7.00-11.29万,7,https://www.dongchedi.com/sales/sale-jc-x-x-x-x-x
2026-06-25T00:56:33,懂车帝销量榜,2026年05月,全部轿车,9,1145,轩逸,日产,东风日产,12936,6.19-14.19万,9,https://www.dongchedi.com/sales/sale-jc-x-x-x-x-x
2026-06-25T00:56:33,懂车帝销量榜,2026年05月,全部轿车,10,5008,海豚,比亚迪,比亚迪,12819,9.18-11.78万,3,https://www.dongchedi.com/sales/sale-jc-x-x-x-x-x
2026-06-25T00:56:34,懂车帝销量榜,2026年05月,微型车,1,4499,五菱宏光MINIEV,五菱汽车,上汽通用五菱,18308,3.28-5.28万,1,https://www.dongchedi.com/sales/sale-jc_1-x-x-x-x-x
2026-06-25T00:56:34,懂车帝销量榜,2026年05月,微型车,2,8956,奔腾小马,奔腾,一汽奔腾,6334,2.84-3.94万,2,https://www.dongchedi.com/sales/sale-jc_1-x-x-x-x-x
2026-06-25T00:56:34,懂车帝销量榜,2026年05月,微型车,3,6148,熊猫,吉利银河,吉利银河,2728,3.79-4.39万,3,https://www.dongchedi.com/sales/sale-jc_1-x-x-x-x-x
2026-06-25T00:56:34,懂车帝销量榜,2026年05月,微型车,4,5859,长安Lumin,长安启源,长安启源,1980,3.89-6.19万,4,https://www.dongchedi.com/sales/sale-jc_1-x-x-x-x-x
2026-06-25T00:56:34,懂车帝销量榜,2026年05月,微型车,5,4272,零跑T03,零跑汽车,零跑汽车,979,5.99-6.99万,12,https://www.dongchedi.com/sales/sale-jc_1-x-x-x-x-x
2026-06-25T00:56:34,懂车帝销量榜,2026年05月,微型车,6,6060,拾月,凯翼,凯翼汽车,882,4.79-6.99万,13,https://www.dongchedi.com/sales/sale-jc_1-x-x-x-x-x
2026-06-25T00:56:34,懂车帝销量榜,2026年05月,微型车,7,5257,冰淇淋,奇瑞QQ,奇瑞新能源,545,3.69-4.99万,5,https://www.dongchedi.com/sales/sale-jc_1-x-x-x-x-x
2026-06-25T00:56:34,懂车帝销量榜,2026年05月,微型车,8,5898,易至EV2,江铃集团新能源,江铃集团新能源,527,3.99-5.19万,9,https://www.dongchedi.com/sales/sale-jc_1-x-x-x-x-x
2026-06-25T00:56:34,懂车帝销量榜,2026年05月,微型车,9,25720,埃尚,埃尚,五菱新能源,451,3.98-5.28万,8,https://www.dongchedi.com/sales/sale-jc_1-x-x-x-x-x
2026-06-25T00:56:34,懂车帝销量榜,2026年05月,微型车,10,4503,凌宝BOX,凌宝汽车,吉麦新能源,381,4.19-6.19万,10,https://www.dongchedi.com/sales/sale-jc_1-x-x-x-x-x
2026-06-25T00:56:35,懂车帝销量榜,2026年05月,小型车,1,20154,星愿,吉利银河,吉利银河,38751,5.98-9.18万,1,https://www.dongchedi.com/sales/sale-jc_2-x-x-x-x-x
2026-06-25T00:56:35,懂车帝销量榜,2026年05月,小型车,2,26039,缤果Pro,五菱汽车,上汽通用五菱,13657,5.68-6.98万,0,https://www.dongchedi.com/sales/sale-jc_2-x-x-x-x-x
2026-06-25T00:56:35,懂车帝销量榜,2026年05月,小型车,3,5008,海豚,比亚迪,比亚迪,12819,9.18-11.78万,2,https://www.dongchedi.com/sales/sale-jc_2-x-x-x-x-x
2026-06-25T00:56:35,懂车帝销量榜,2026年05月,小型车,4,5952,海鸥,比亚迪,比亚迪,9822,6.68-8.59万,3,https://www.dongchedi.com/sales/sale-jc_2-x-x-x-x-x
2026-06-25T00:56:35,懂车帝销量榜,2026年05月,小型车,5,25678,QQ3 EV,奇瑞QQ,奇瑞新能源,8523,5.89-7.89万,4,https://www.dongchedi.com/sales/sale-jc_2-x-x-x-x-x
2026-06-25T00:56:35,懂车帝销量榜,2026年05月,小型车,6,25116,firefly萤火虫,firefly萤火虫,蔚来,5604,11.98-13.58万,8,https://www.dongchedi.com/sales/sale-jc_2-x-x-x-x-x
2026-06-25T00:56:35,懂车帝销量榜,2026年05月,小型车,7,25571,缤果S,五菱汽车,上汽通用五菱,5494,6.38-8.58万,7,https://www.dongchedi.com/sales/sale-jc_2-x-x-x-x-x
2026-06-25T00:56:35,懂车帝销量榜,2026年05月,小型车,8,25401,极狐 贝塔T1,ARCFOX极狐,北汽新能源,3281,5.98-8.48万,5,https://www.dongchedi.com/sales/sale-jc_2-x-x-x-x-x
2026-06-25T00:56:35,懂车帝销量榜,2026年05月,小型车,9,9261,纳米01,东风奕派,东风乘用车,1812,5.58-8.88万,10,https://www.dongchedi.com/sales/sale-jc_2-x-x-x-x-x
2026-06-25T00:56:35,懂车帝销量榜,2026年05月,小型车,10,25014,AION UT,埃安,广汽埃安新能源,1700,6.58-9.78万,9,https://www.dongchedi.com/sales/sale-jc_2-x-x-x-x-x
2026-06-25T00:56:35,懂车帝销量榜,2026年05月,紧凑型车,1,5828,MG4,名爵,上汽集团,15067,6.58-9.98万,2,https://www.dongchedi.com/sales/sale-jc_3-x-x-x-x-x
2026-06-25T00:56:35,懂车帝销量榜,2026年05月,紧凑型车,2,10170,小鹏MONA M03,小鹏汽车,小鹏汽车,14160,11.98-15.18万,1,https://www.dongchedi.com/sales/sale-jc_3-x-x-x-x-x
2026-06-25T00:56:35,懂车帝销量榜,2026年05月,紧凑型车,3,393,朗逸,大众,上汽大众,13033,7.00-11.29万,3,https://www.dongchedi.com/sales/sale-jc_3-x-x-x-x-x
2026-06-25T00:56:35,懂车帝销量榜,2026年05月,紧凑型车,4,1145,轩逸,日产,东风日产,12936,6.19-14.19万,4,https://www.dongchedi.com/sales/sale-jc_3-x-x-x-x-x
2026-06-25T00:56:35,懂车帝销量榜,2026年05月,紧凑型车,5,4802,秦PLUS DM,比亚迪,比亚迪,10716,6.78-9.48万,5,https://www.dongchedi.com/sales/sale-jc_3-x-x-x-x-x
2026-06-25T00:56:35,懂车帝销量榜,2026年05月,紧凑型车,6,414,速腾,大众,一汽-大众,9554,7.98-13.19万,6,https://www.dongchedi.com/sales/sale-jc_3-x-x-x-x-x
2026-06-25T00:56:35,懂车帝销量榜,2026年05月,紧凑型车,7,3476,星瑞,吉利汽车,吉利汽车,8592,9.37-13.67万,7,https://www.dongchedi.com/sales/sale-jc_3-x-x-x-x-x
2026-06-25T00:56:35,懂车帝销量榜,2026年05月,紧凑型车,8,1455,逸动,长安,长安汽车,7304,5.29-9.49万,8,https://www.dongchedi.com/sales/sale-jc_3-x-x-x-x-x
2026-06-25T00:56:35,懂车帝销量榜,2026年05月,紧凑型车,9,733,帝豪,吉利汽车,吉利汽车,6750,4.88-8.89万,10,https://www.dongchedi.com/sales/sale-jc_3-x-x-x-x-x
2026-06-25T00:56:35,懂车帝销量榜,2026年05月,紧凑型车,10,25137,海豹05DM,比亚迪,比亚迪,6307,7.48-9.58万,16,https://www.dongchedi.com/sales/sale-jc_3-x-x-x-x-x
2026-06-25T00:56:35,懂车帝销量榜,2026年05月,中型车,1,3762,Model 3,特斯拉,特斯拉中国,18370,23.55-33.95万,19,https://www.dongchedi.com/sales/sale-jc_4-x-x-x-x-x
2026-06-25T00:56:35,懂车帝销量榜,2026年05月,中型车,2,535,凯美瑞,丰田,广汽丰田,12237,12.98-21.78万,1,https://www.dongchedi.com/sales/sale-jc_4-x-x-x-x-x
2026-06-25T00:56:35,懂车帝销量榜,2026年05月,中型车,3,415,迈腾,大众,一汽-大众,12170,11.99-21.69万,5,https://www.dongchedi.com/sales/sale-jc_4-x-x-x-x-x
2026-06-25T00:56:35,懂车帝销量榜,2026年05月,中型车,4,398,帕萨特,大众,上汽大众,10727,13.85-27.18万,4,https://www.dongchedi.com/sales/sale-jc_4-x-x-x-x-x
2026-06-25T00:56:35,懂车帝销量榜,2026年05月,中型车,5,145,宝马3系,宝马,华晨宝马,9754,20.80-28.99万,3,https://www.dongchedi.com/sales/sale-jc_4-x-x-x-x-x
2026-06-25T00:56:35,懂车帝销量榜,2026年05月,中型车,6,25573,极狐 贝塔S3,ARCFOX极狐,北汽新能源,7492,7.98-12.08万,0,https://www.dongchedi.com/sales/sale-jc_4-x-x-x-x-x
2026-06-25T00:56:35,懂车帝销量榜,2026年05月,中型车,7,6132,红旗H5,红旗,一汽红旗,7322,10.98-16.58万,6,https://www.dongchedi.com/sales/sale-jc_4-x-x-x-x-x
2026-06-25T00:56:35,懂车帝销量榜,2026年05月,中型车,8,212,奔驰C级,奔驰,北京奔驰,6839,19.94-26.56万,2,https://www.dongchedi.com/sales/sale-jc_4-x-x-x-x-x
2026-06-25T00:56:35,懂车帝销量榜,2026年05月,中型车,9,25628,深蓝L06,深蓝汽车,深蓝汽车,6723,11.89-14.89万,11,https://www.dongchedi.com/sales/sale-jc_4-x-x-x-x-x
2026-06-25T00:56:35,懂车帝销量榜,2026年05月,中型车,10,9796,秦L DM,比亚迪,比亚迪,6185,8.98-11.98万,13,https://www.dongchedi.com/sales/sale-jc_4-x-x-x-x-x
2026-06-25T00:56:36,懂车帝销量榜,2026年05月,中大型车,1,6187,小米SU7,小米汽车,小米汽车,24023,21.99-30.39万,1,https://www.dongchedi.com/sales/sale-jc_5-x-x-x-x-x
2026-06-25T00:56:36,懂车帝销量榜,2026年05月,中大型车,2,214,奔驰E级,奔驰,北京奔驰,8928,25.88-39.18万,3,https://www.dongchedi.com/sales/sale-jc_5-x-x-x-x-x
2026-06-25T00:56:36,懂车帝销量榜,2026年05月,中大型车,3,99,奥迪A6L,奥迪,一汽奥迪,8709,28.66-42.49万,2,https://www.dongchedi.com/sales/sale-jc_5-x-x-x-x-x
2026-06-25T00:56:36,懂车帝销量榜,2026年05月,中大型车,4,146,宝马5系,宝马,华晨宝马,6491,29.30-35.70万,4,https://www.dongchedi.com/sales/sale-jc_5-x-x-x-x-x
2026-06-25T00:56:36,懂车帝销量榜,2026年05月,中大型车,5,25486,长安启源A06,长安启源,长安启源,6019,10.99-14.99万,5,https://www.dongchedi.com/sales/sale-jc_5-x-x-x-x-x
2026-06-25T00:56:36,懂车帝销量榜,2026年05月,中大型车,6,10070,腾势Z9GT EV,腾势,腾势汽车,4315,26.98-38.48万,9,https://www.dongchedi.com/sales/sale-jc_5-x-x-x-x-x
2026-06-25T00:56:36,懂车帝销量榜,2026年05月,中大型车,7,9761,小鹏P7+,小鹏汽车,小鹏汽车,3677,18.68-20.88万,8,https://www.dongchedi.com/sales/sale-jc_5-x-x-x-x-x
2026-06-25T00:56:36,懂车帝销量榜,2026年05月,中大型车,8,9657,铂智7,丰田,广汽丰田,3254,15.98-21.48万,6,https://www.dongchedi.com/sales/sale-jc_5-x-x-x-x-x
2026-06-25T00:56:36,懂车帝销量榜,2026年05月,中大型车,9,25236,银河星耀8 PHEV,吉利银河,吉利银河,3225,10.98-15.98万,7,https://www.dongchedi.com/sales/sale-jc_5-x-x-x-x-x
2026-06-25T00:56:36,懂车帝销量榜,2026年05月,中大型车,10,25488,领克10 EM-P,领克,领克,2627,16.58-20.18万,10,https://www.dongchedi.com/sales/sale-jc_5-x-x-x-x-x
2026-06-25T00:56:36,懂车帝销量榜,2026年05月,大型车,1,24599,尊界S800,尊界,江淮汽车,938,70.80-101.80万,1,https://www.dongchedi.com/sales/sale-jc_6-x-x-x-x-x
2026-06-25T00:56:36,懂车帝销量榜,2026年05月,大型车,2,9707,蔚来ET9,蔚来,蔚来,153,76.80-81.80万,2,https://www.dongchedi.com/sales/sale-jc_6-x-x-x-x-x
2026-06-25T00:56:36,懂车帝销量榜,2026年05月,大型车,3,25095,仰望U7 PHEV,仰望,仰望,27,65.80-73.80万,3,https://www.dongchedi.com/sales/sale-jc_6-x-x-x-x-x
2026-06-25T00:56:36,懂车帝销量榜,2026年05月,大型车,4,9324,仰望U7 EV,仰望,仰望,19,65.80-88.80万,4,https://www.dongchedi.com/sales/sale-jc_6-x-x-x-x-x
2026-06-25T00:56:36,懂车帝销量榜,2026年05月,大型车,5,10122,红旗金葵花国雅,红旗,一汽红旗,10,140.00-186.00万,5,https://www.dongchedi.com/sales/sale-jc_6-x-x-x-x-x
2026-06-25T00:56:36,懂车帝销量榜,2026年05月,大型车,6,691,红旗金葵花国礼,红旗,一汽红旗,1,718.00-758.00万,6,https://www.dongchedi.com/sales/sale-jc_6-x-x-x-x-x
2026-06-25T00:56:37,懂车帝销量榜,2026年05月,全部SUV,1,4363,Model Y,特斯拉,特斯拉中国,28911,26.35-31.35万,1,https://www.dongchedi.com/sales/sale-suv-x-x-x-x-x
2026-06-25T00:56:37,懂车帝销量榜,2026年05月,全部SUV,2,9267,零跑A10,零跑汽车,零跑汽车,22306,6.58-8.68万,7,https://www.dongchedi.com/sales/sale-suv-x-x-x-x-x
2026-06-25T00:56:37,懂车帝销量榜,2026年05月,全部SUV,3,25557,理想i6,理想汽车,理想汽车,20878,24.98-26.98万,2,https://www.dongchedi.com/sales/sale-suv-x-x-x-x-x
2026-06-25T00:56:37,懂车帝销量榜,2026年05月,全部SUV,4,25953,问界M6,AITO,赛力斯汽车,18148,22.98-29.98万,57,https://www.dongchedi.com/sales/sale-suv-x-x-x-x-x
2026-06-25T00:56:37,懂车帝销量榜,2026年05月,全部SUV,5,9689,元UP,比亚迪,比亚迪,17043,6.98-10.48万,5,https://www.dongchedi.com/sales/sale-suv-x-x-x-x-x
2026-06-25T00:56:37,懂车帝销量榜,2026年05月,全部SUV,6,25559,钛7 PHEV,方程豹,方程豹,16247,17.98-21.98万,8,https://www.dongchedi.com/sales/sale-suv-x-x-x-x-x
2026-06-25T00:56:37,懂车帝销量榜,2026年05月,全部SUV,7,25634,长安启源Q05,长安启源,长安启源,15954,6.99-10.99万,3,https://www.dongchedi.com/sales/sale-suv-x-x-x-x-x
2026-06-25T00:56:37,懂车帝销量榜,2026年05月,全部SUV,8,3504,宋Pro DM,比亚迪,比亚迪,15497,9.78-12.99万,11,https://www.dongchedi.com/sales/sale-suv-x-x-x-x-x
2026-06-25T00:56:37,懂车帝销量榜,2026年05月,全部SUV,9,25400,海狮06EV,比亚迪,比亚迪,14868,14.38-17.99万,4,https://www.dongchedi.com/sales/sale-suv-x-x-x-x-x
2026-06-25T00:56:37,懂车帝销量榜,2026年05月,全部SUV,10,6025,博越L,吉利汽车,吉利汽车,13395,9.29-11.99万,13,https://www.dongchedi.com/sales/sale-suv-x-x-x-x-x
2026-06-25T00:56:38,懂车帝销量榜,2026年05月,小型SUV,1,9267,零跑A10,零跑汽车,零跑汽车,22306,6.58-8.68万,3,https://www.dongchedi.com/sales/sale-suv_1-x-x-x-x-x
2026-06-25T00:56:38,懂车帝销量榜,2026年05月,小型SUV,2,9689,元UP,比亚迪,比亚迪,17043,6.98-10.48万,1,https://www.dongchedi.com/sales/sale-suv_1-x-x-x-x-x
2026-06-25T00:56:38,懂车帝销量榜,2026年05月,小型SUV,3,2975,缤越,吉利汽车,吉利汽车,12841,5.88-8.58万,2,https://www.dongchedi.com/sales/sale-suv_1-x-x-x-x-x
2026-06-25T00:56:38,懂车帝销量榜,2026年05月,小型SUV,4,1621,传祺GS3,广汽传祺,广汽传祺,4838,6.38-8.38万,4,https://www.dongchedi.com/sales/sale-suv_1-x-x-x-x-x
2026-06-25T00:56:38,懂车帝销量榜,2026年05月,小型SUV,5,1738,瑞虎5x,奇瑞,奇瑞汽车,2057,5.49-7.59万,5,https://www.dongchedi.com/sales/sale-suv_1-x-x-x-x-x
2026-06-25T00:56:38,懂车帝销量榜,2026年05月,小型SUV,6,4342,领克06,领克,领克,1759,9.96-11.16万,6,https://www.dongchedi.com/sales/sale-suv_1-x-x-x-x-x
2026-06-25T00:56:38,懂车帝销量榜,2026年05月,小型SUV,7,2890,奕跑,起亚,起亚,1483,5.59-5.99万,7,https://www.dongchedi.com/sales/sale-suv_1-x-x-x-x-x
2026-06-25T00:56:38,懂车帝销量榜,2026年05月,小型SUV,8,5322,smart精灵#1,smart,smart,1266,14.29-23.49万,9,https://www.dongchedi.com/sales/sale-suv_1-x-x-x-x-x
2026-06-25T00:56:38,懂车帝销量榜,2026年05月,小型SUV,9,1092,瑞虎3x,奇瑞,奇瑞汽车,719,4.99-6.19万,11,https://www.dongchedi.com/sales/sale-suv_1-x-x-x-x-x
2026-06-25T00:56:38,懂车帝销量榜,2026年05月,小型SUV,10,2880,吉利ICON,吉利汽车,吉利汽车,635,7.98-8.58万,13,https://www.dongchedi.com/sales/sale-suv_1-x-x-x-x-x
2026-06-25T00:56:38,懂车帝销量榜,2026年05月,紧凑型SUV,1,25634,长安启源Q05,长安启源,长安启源,15954,6.99-10.99万,1,https://www.dongchedi.com/sales/sale-suv_2-x-x-x-x-x
2026-06-25T00:56:38,懂车帝销量榜,2026年05月,紧凑型SUV,2,3504,宋Pro DM,比亚迪,比亚迪,15497,9.78-12.99万,3,https://www.dongchedi.com/sales/sale-suv_2-x-x-x-x-x
2026-06-25T00:56:38,懂车帝销量榜,2026年05月,紧凑型SUV,3,6025,博越L,吉利汽车,吉利汽车,13395,9.29-11.99万,5,https://www.dongchedi.com/sales/sale-suv_2-x-x-x-x-x
2026-06-25T00:56:38,懂车帝销量榜,2026年05月,紧凑型SUV,4,4857,星越L,吉利汽车,吉利汽车,11099,12.47-16.17万,12,https://www.dongchedi.com/sales/sale-suv_2-x-x-x-x-x
2026-06-25T00:56:38,懂车帝销量榜,2026年05月,紧凑型SUV,5,280,本田CR-V,本田,东风本田,10744,13.99-20.99万,14,https://www.dongchedi.com/sales/sale-suv_2-x-x-x-x-x
2026-06-25T00:56:38,懂车帝销量榜,2026年05月,紧凑型SUV,6,5369,锋兰达,丰田,广汽丰田,10725,9.08-13.08万,6,https://www.dongchedi.com/sales/sale-suv_2-x-x-x-x-x
2026-06-25T00:56:38,懂车帝销量榜,2026年05月,紧凑型SUV,7,10213,深蓝S05,深蓝汽车,深蓝汽车,10594,10.69-13.69万,2,https://www.dongchedi.com/sales/sale-suv_2-x-x-x-x-x
2026-06-25T00:56:38,懂车帝销量榜,2026年05月,紧凑型SUV,8,3196,长安CS75 PLUS,长安,长安汽车,10103,9.19-13.59万,13,https://www.dongchedi.com/sales/sale-suv_2-x-x-x-x-x
2026-06-25T00:56:38,懂车帝销量榜,2026年05月,紧凑型SUV,9,546,RAV4荣放,丰田,一汽丰田,9857,14.68-20.58万,4,https://www.dongchedi.com/sales/sale-suv_2-x-x-x-x-x
2026-06-25T00:56:38,懂车帝销量榜,2026年05月,紧凑型SUV,10,25643,AION i60,埃安,广汽埃安新能源,9471,10.18-12.78万,9,https://www.dongchedi.com/sales/sale-suv_2-x-x-x-x-x
2026-06-25T00:56:39,懂车帝销量榜,2026年05月,中型SUV,1,4363,Model Y,特斯拉,特斯拉中国,28911,26.35-31.35万,1,https://www.dongchedi.com/sales/sale-suv_3-x-x-x-x-x
2026-06-25T00:56:39,懂车帝销量榜,2026年05月,中型SUV,2,25400,海狮06EV,比亚迪,比亚迪,14868,14.38-17.99万,2,https://www.dongchedi.com/sales/sale-suv_3-x-x-x-x-x
2026-06-25T00:56:39,懂车帝销量榜,2026年05月,中型SUV,3,404,途观L,大众,上汽大众,12503,13.49-20.88万,4,https://www.dongchedi.com/sales/sale-suv_3-x-x-x-x-x
2026-06-25T00:56:39,懂车帝销量榜,2026年05月,中型SUV,4,2835,探岳,大众,一汽-大众,11425,13.19-20.49万,8,https://www.dongchedi.com/sales/sale-suv_3-x-x-x-x-x
2026-06-25T00:56:39,懂车帝销量榜,2026年05月,中型SUV,5,25922,宋Ultra EV,比亚迪,比亚迪,9877,15.19-17.99万,10,https://www.dongchedi.com/sales/sale-suv_3-x-x-x-x-x
2026-06-25T00:56:39,懂车帝销量榜,2026年05月,中型SUV,6,216,奔驰GLC,奔驰,北京奔驰,7865,25.42-36.53万,5,https://www.dongchedi.com/sales/sale-suv_3-x-x-x-x-x
2026-06-25T00:56:39,懂车帝销量榜,2026年05月,中型SUV,7,25910,别克至境E7,别克,别克至境,7668,15.69-19.69万,28,https://www.dongchedi.com/sales/sale-suv_3-x-x-x-x-x
2026-06-25T00:56:39,懂车帝销量榜,2026年05月,中型SUV,8,9307,零跑C10,零跑汽车,零跑汽车,7244,12.08-14.28万,3,https://www.dongchedi.com/sales/sale-suv_3-x-x-x-x-x
2026-06-25T00:56:39,懂车帝销量榜,2026年05月,中型SUV,9,2794,瑞虎8,奇瑞,奇瑞汽车,7099,7.99-11.99万,11,https://www.dongchedi.com/sales/sale-suv_3-x-x-x-x-x
2026-06-25T00:56:39,懂车帝销量榜,2026年05月,中型SUV,10,2812,宝马X3,宝马,华晨宝马,6771,26.60-32.80万,13,https://www.dongchedi.com/sales/sale-suv_3-x-x-x-x-x
2026-06-25T00:56:39,懂车帝销量榜,2026年05月,中大型SUV,1,25557,理想i6,理想汽车,理想汽车,20878,24.98-26.98万,1,https://www.dongchedi.com/sales/sale-suv_4-x-x-x-x-x
2026-06-25T00:56:39,懂车帝销量榜,2026年05月,中大型SUV,2,25953,问界M6,AITO,赛力斯汽车,18148,22.98-29.98万,9,https://www.dongchedi.com/sales/sale-suv_4-x-x-x-x-x
2026-06-25T00:56:39,懂车帝销量榜,2026年05月,中大型SUV,3,25559,钛7 PHEV,方程豹,方程豹,16247,17.98-21.98万,2,https://www.dongchedi.com/sales/sale-suv_4-x-x-x-x-x
2026-06-25T00:56:39,懂车帝销量榜,2026年05月,中大型SUV,4,5820,问界M7,AITO,赛力斯汽车,9199,27.98-38.98万,4,https://www.dongchedi.com/sales/sale-suv_4-x-x-x-x-x
2026-06-25T00:56:39,懂车帝销量榜,2026年05月,中大型SUV,5,20041,小米YU7,小米汽车,小米汽车,8736,23.35-38.99万,3,https://www.dongchedi.com/sales/sale-suv_4-x-x-x-x-x
2026-06-25T00:56:39,懂车帝销量榜,2026年05月,中大型SUV,6,25555,ZEEKR 8X,极氪,极氪,6103,35.68-50.08万,15,https://www.dongchedi.com/sales/sale-suv_4-x-x-x-x-x
2026-06-25T00:56:39,懂车帝销量榜,2026年05月,中大型SUV,7,5845,理想L6,理想汽车,理想汽车,4983,24.98-27.98万,5,https://www.dongchedi.com/sales/sale-suv_4-x-x-x-x-x
2026-06-25T00:56:39,懂车帝销量榜,2026年05月,中大型SUV,8,25874,日产NX8,日产,东风日产,4578,14.99-19.99万,19,https://www.dongchedi.com/sales/sale-suv_4-x-x-x-x-x
2026-06-25T00:56:39,懂车帝销量榜,2026年05月,中大型SUV,9,10125,零跑C16,零跑汽车,零跑汽车,4257,14.58-17.58万,8,https://www.dongchedi.com/sales/sale-suv_4-x-x-x-x-x
2026-06-25T00:56:39,懂车帝销量榜,2026年05月,中大型SUV,10,5273,宝马X5,宝马,华晨宝马,3813,51.00-68.00万,6,https://www.dongchedi.com/sales/sale-suv_4-x-x-x-x-x
2026-06-25T00:56:40,懂车帝销量榜,2026年05月,大型SUV,1,1616,蔚来ES8,蔚来,蔚来,11472,40.68-44.68万,1,https://www.dongchedi.com/sales/sale-suv_5-x-x-x-x-x
2026-06-25T00:56:40,懂车帝销量榜,2026年05月,大型SUV,2,24670,ZEEKR 9X,极氪,极氪,9058,46.59-59.99万,2,https://www.dongchedi.com/sales/sale-suv_5-x-x-x-x-x
2026-06-25T00:56:40,懂车帝销量榜,2026年05月,大型SUV,3,25718,零跑D19,零跑汽车,零跑汽车,7021,21.98-26.98万,4,https://www.dongchedi.com/sales/sale-suv_5-x-x-x-x-x
2026-06-25T00:56:40,懂车帝销量榜,2026年05月,大型SUV,4,25565,乐道L80,乐道,蔚来,5949,24.28-27.98万,0,https://www.dongchedi.com/sales/sale-suv_5-x-x-x-x-x
2026-06-25T00:56:40,懂车帝销量榜,2026年05月,大型SUV,5,24850,问界M8,AITO,赛力斯汽车,5109,35.98-45.98万,3,https://www.dongchedi.com/sales/sale-suv_5-x-x-x-x-x
2026-06-25T00:56:40,懂车帝销量榜,2026年05月,大型SUV,6,25395,ID. ERA 9X,大众,上汽大众,5004,29.98-34.98万,6,https://www.dongchedi.com/sales/sale-suv_5-x-x-x-x-x
2026-06-25T00:56:40,懂车帝销量榜,2026年05月,大型SUV,7,25234,乐道L90,乐道,蔚来,4052,26.58-29.98万,7,https://www.dongchedi.com/sales/sale-suv_5-x-x-x-x-x
2026-06-25T00:56:40,懂车帝销量榜,2026年05月,大型SUV,8,25695,华境S,华境,上汽通用五菱,3603,14.98-19.38万,0,https://www.dongchedi.com/sales/sale-suv_5-x-x-x-x-x
2026-06-25T00:56:40,懂车帝销量榜,2026年05月,大型SUV,9,25904,蔚来ES9,蔚来,蔚来,3108,49.80-62.80万,0,https://www.dongchedi.com/sales/sale-suv_5-x-x-x-x-x
2026-06-25T00:56:40,懂车帝销量榜,2026年05月,大型SUV,10,5227,理想L9,理想汽车,理想汽车,2570,45.98-50.98万,17,https://www.dongchedi.com/sales/sale-suv_5-x-x-x-x-x
2026-06-25T00:56:40,懂车帝销量榜,2026年05月,全部MPV,1,5223,赛那,丰田,广汽丰田,7479,24.78-34.28万,1,https://www.dongchedi.com/sales/sale-mpv-x-x-x-x-x
2026-06-25T00:56:40,懂车帝销量榜,2026年05月,全部MPV,2,6303,高山,魏牌,长城汽车,5662,28.58-35.38万,3,https://www.dongchedi.com/sales/sale-mpv-x-x-x-x-x
2026-06-25T00:56:40,懂车帝销量榜,2026年05月,全部MPV,3,1794,传祺M8,广汽传祺,广汽传祺,5248,18.98-23.98万,4,https://www.dongchedi.com/sales/sale-mpv-x-x-x-x-x
2026-06-25T00:56:40,懂车帝销量榜,2026年05月,全部MPV,4,5843,腾势D9 DM,腾势,腾势汽车,5241,30.98-45.98万,5,https://www.dongchedi.com/sales/sale-mpv-x-x-x-x-x
2026-06-25T00:56:40,懂车帝销量榜,2026年05月,全部MPV,5,5924,岚图梦想家 PHEV,岚图,岚图汽车,4570,31.59-70.99万,2,https://www.dongchedi.com/sales/sale-mpv-x-x-x-x-x
2026-06-25T00:56:40,懂车帝销量榜,2026年05月,全部MPV,6,353,别克GL8,别克,上汽通用别克,2952,22.99-36.99万,6,https://www.dongchedi.com/sales/sale-mpv-x-x-x-x-x
2026-06-25T00:56:40,懂车帝销量榜,2026年05月,全部MPV,7,9912,别克GL8 PHEV,别克,上汽通用别克,2683,22.99-38.49万,8,https://www.dongchedi.com/sales/sale-mpv-x-x-x-x-x
2026-06-25T00:56:40,懂车帝销量榜,2026年05月,全部MPV,8,5858,格瑞维亚,丰田,一汽丰田,2563,23.78-33.78万,7,https://www.dongchedi.com/sales/sale-mpv-x-x-x-x-x
2026-06-25T00:56:40,懂车帝销量榜,2026年05月,全部MPV,9,25575,星光730,五菱汽车,上汽通用五菱,1831,7.30-8.98万,11,https://www.dongchedi.com/sales/sale-mpv-x-x-x-x-x
2026-06-25T00:56:40,懂车帝销量榜,2026年05月,全部MPV,10,25576,星光730 EV,五菱汽车,上汽通用五菱,1727,10.78-11.58万,9,https://www.dongchedi.com/sales/sale-mpv-x-x-x-x-x
2026-06-25T00:56:41,懂车帝销量榜,2026年05月,紧凑型MPV,1,25575,星光730,五菱汽车,上汽通用五菱,1831,7.30-8.98万,2,https://www.dongchedi.com/sales/sale-mpv_2-x-x-x-x-x
2026-06-25T00:56:41,懂车帝销量榜,2026年05月,紧凑型MPV,2,25576,星光730 EV,五菱汽车,上汽通用五菱,1727,10.78-11.58万,1,https://www.dongchedi.com/sales/sale-mpv_2-x-x-x-x-x
2026-06-25T00:56:41,懂车帝销量榜,2026年05月,紧凑型MPV,3,2832,传祺M6,广汽传祺,广汽传祺,1265,9.68-11.98万,4,https://www.dongchedi.com/sales/sale-mpv_2-x-x-x-x-x
2026-06-25T00:56:41,懂车帝销量榜,2026年05月,紧凑型MPV,4,25574,星光730 PHEV,五菱汽车,上汽通用五菱,1143,10.18-10.98万,3,https://www.dongchedi.com/sales/sale-mpv_2-x-x-x-x-x
2026-06-25T00:56:41,懂车帝销量榜,2026年05月,紧凑型MPV,5,768,瑞风M3,江淮瑞风,江汽集团,256,5.98-12.79万,5,https://www.dongchedi.com/sales/sale-mpv_2-x-x-x-x-x
2026-06-25T00:56:41,懂车帝销量榜,2026年05月,紧凑型MPV,6,5474,瑞风E3,江淮瑞风,江汽集团,248,12.49-20.88万,8,https://www.dongchedi.com/sales/sale-mpv_2-x-x-x-x-x
2026-06-25T00:56:41,懂车帝销量榜,2026年05月,紧凑型MPV,7,25073,大通G50 PHEV,大通,大通,153,11.48-12.48万,9,https://www.dongchedi.com/sales/sale-mpv_2-x-x-x-x-x
2026-06-25T00:56:41,懂车帝销量榜,2026年05月,紧凑型MPV,8,2984,大通G50,大通,大通,130,6.48-9.98万,7,https://www.dongchedi.com/sales/sale-mpv_2-x-x-x-x-x
2026-06-25T00:56:41,懂车帝销量榜,2026年05月,紧凑型MPV,9,5827,五菱佳辰,五菱汽车,上汽通用五菱,115,6.28-11.58万,6,https://www.dongchedi.com/sales/sale-mpv_2-x-x-x-x-x
2026-06-25T00:56:41,懂车帝销量榜,2026年05月,紧凑型MPV,10,24939,睿蓝8,睿蓝汽车,睿蓝汽车,54,12.78-23.18万,10,https://www.dongchedi.com/sales/sale-mpv_2-x-x-x-x-x
2026-06-25T00:56:42,懂车帝销量榜,2026年05月,中型MPV,1,9184,传祺E8 PHEV,广汽传祺,广汽传祺,1510,18.68-22.48万,1,https://www.dongchedi.com/sales/sale-mpv_3-x-x-x-x-x
2026-06-25T00:56:42,懂车帝销量榜,2026年05月,中型MPV,2,291,奥德赛,本田,广汽本田,834,17.58-26.88万,3,https://www.dongchedi.com/sales/sale-mpv_3-x-x-x-x-x
2026-06-25T00:56:42,懂车帝销量榜,2026年05月,中型MPV,3,445,菱智,东风风行,东风风行,688,5.99-9.99万,2,https://www.dongchedi.com/sales/sale-mpv_3-x-x-x-x-x
2026-06-25T00:56:42,懂车帝销量榜,2026年05月,中型MPV,4,282,艾力绅,本田,东风本田,269,21.98-27.38万,4,https://www.dongchedi.com/sales/sale-mpv_3-x-x-x-x-x
2026-06-25T00:56:42,懂车帝销量榜,2026年05月,中型MPV,5,1793,菱智新能源,东风风行,东风风行,223,10.98-19.69万,5,https://www.dongchedi.com/sales/sale-mpv_3-x-x-x-x-x
2026-06-25T00:56:42,懂车帝销量榜,2026年05月,中型MPV,6,8960,大家7 EV,大通,大通,125,21.48-25.48万,7,https://www.dongchedi.com/sales/sale-mpv_3-x-x-x-x-x
2026-06-25T00:56:42,懂车帝销量榜,2026年05月,中型MPV,7,9188,大通G70,大通,大通,16,13.98-15.98万,6,https://www.dongchedi.com/sales/sale-mpv_3-x-x-x-x-x
2026-06-25T00:56:42,懂车帝销量榜,2026年05月,中型MPV,8,9829,大家7超混,大通,大通,10,18.49-24.49万,8,https://www.dongchedi.com/sales/sale-mpv_3-x-x-x-x-x
2026-06-25T00:56:42,懂车帝销量榜,2026年05月,中型MPV,9,9944,ZEEKR MIX,极氪,极氪,5,27.99-29.99万,9,https://www.dongchedi.com/sales/sale-mpv_3-x-x-x-x-x
2026-06-25T00:56:42,懂车帝销量榜,2026年05月,中大型MPV,1,5223,赛那,丰田,广汽丰田,7479,24.78-34.28万,1,https://www.dongchedi.com/sales/sale-mpv_4-x-x-x-x-x
2026-06-25T00:56:42,懂车帝销量榜,2026年05月,中大型MPV,2,6303,高山,魏牌,长城汽车,5662,28.58-35.38万,3,https://www.dongchedi.com/sales/sale-mpv_4-x-x-x-x-x
2026-06-25T00:56:42,懂车帝销量榜,2026年05月,中大型MPV,3,1794,传祺M8,广汽传祺,广汽传祺,5248,18.98-23.98万,4,https://www.dongchedi.com/sales/sale-mpv_4-x-x-x-x-x
2026-06-25T00:56:42,懂车帝销量榜,2026年05月,中大型MPV,4,5843,腾势D9 DM,腾势,腾势汽车,5241,30.98-45.98万,5,https://www.dongchedi.com/sales/sale-mpv_4-x-x-x-x-x
2026-06-25T00:56:42,懂车帝销量榜,2026年05月,中大型MPV,5,5924,岚图梦想家 PHEV,岚图,岚图汽车,4570,31.59-70.99万,2,https://www.dongchedi.com/sales/sale-mpv_4-x-x-x-x-x
2026-06-25T00:56:42,懂车帝销量榜,2026年05月,中大型MPV,6,353,别克GL8,别克,上汽通用别克,2952,22.99-36.99万,6,https://www.dongchedi.com/sales/sale-mpv_4-x-x-x-x-x
2026-06-25T00:56:42,懂车帝销量榜,2026年05月,中大型MPV,7,9912,别克GL8 PHEV,别克,上汽通用别克,2683,22.99-38.49万,8,https://www.dongchedi.com/sales/sale-mpv_4-x-x-x-x-x
2026-06-25T00:56:42,懂车帝销量榜,2026年05月,中大型MPV,8,5858,格瑞维亚,丰田,一汽丰田,2563,23.78-33.78万,7,https://www.dongchedi.com/sales/sale-mpv_4-x-x-x-x-x
2026-06-25T00:56:42,懂车帝销量榜,2026年05月,中大型MPV,9,6294,小鹏X9,小鹏汽车,小鹏汽车,1557,30.98-36.98万,9,https://www.dongchedi.com/sales/sale-mpv_4-x-x-x-x-x
2026-06-25T00:56:42,懂车帝销量榜,2026年05月,中大型MPV,10,5878,ZEEKR 009,极氪,极氪,1536,43.90-89.90万,17,https://www.dongchedi.com/sales/sale-mpv_4-x-x-x-x-x
2026-06-25T00:56:43,懂车帝销量榜,2026年05月,大型MPV,1,6067,理想MEGA,理想汽车,理想汽车,469,52.98-55.98万,1,https://www.dongchedi.com/sales/sale-mpv_5-x-x-x-x-x
2026-06-25T00:56:43,懂车帝销量榜,2026年05月,全部新能源,1,20154,星愿,吉利银河,吉利银河,38751,5.98-9.18万,1,https://www.dongchedi.com/sales/sale-energy-x-x-x-x-x
2026-06-25T00:56:43,懂车帝销量榜,2026年05月,全部新能源,2,4363,Model Y,特斯拉,特斯拉中国,28911,26.35-31.35万,3,https://www.dongchedi.com/sales/sale-energy-x-x-x-x-x
2026-06-25T00:56:43,懂车帝销量榜,2026年05月,全部新能源,3,6187,小米SU7,小米汽车,小米汽车,24023,21.99-30.39万,2,https://www.dongchedi.com/sales/sale-energy-x-x-x-x-x
2026-06-25T00:56:43,懂车帝销量榜,2026年05月,全部新能源,4,9267,零跑A10,零跑汽车,零跑汽车,22306,6.58-8.68万,8,https://www.dongchedi.com/sales/sale-energy-x-x-x-x-x
2026-06-25T00:56:43,懂车帝销量榜,2026年05月,全部新能源,5,25557,理想i6,理想汽车,理想汽车,20878,24.98-26.98万,4,https://www.dongchedi.com/sales/sale-energy-x-x-x-x-x
2026-06-25T00:56:43,懂车帝销量榜,2026年05月,全部新能源,6,3762,Model 3,特斯拉,特斯拉中国,18370,23.55-33.95万,78,https://www.dongchedi.com/sales/sale-energy-x-x-x-x-x
2026-06-25T00:56:43,懂车帝销量榜,2026年05月,全部新能源,7,4499,五菱宏光MINIEV,五菱汽车,上汽通用五菱,18308,3.28-5.28万,13,https://www.dongchedi.com/sales/sale-energy-x-x-x-x-x
2026-06-25T00:56:43,懂车帝销量榜,2026年05月,全部新能源,8,25953,问界M6,AITO,赛力斯汽车,18148,22.98-29.98万,68,https://www.dongchedi.com/sales/sale-energy-x-x-x-x-x
2026-06-25T00:56:43,懂车帝销量榜,2026年05月,全部新能源,9,9689,元UP,比亚迪,比亚迪,17043,6.98-10.48万,7,https://www.dongchedi.com/sales/sale-energy-x-x-x-x-x
2026-06-25T00:56:43,懂车帝销量榜,2026年05月,全部新能源,10,25559,钛7 PHEV,方程豹,方程豹,16247,17.98-21.98万,10,https://www.dongchedi.com/sales/sale-energy-x-x-x-x-x
2026-06-25T00:56:44,懂车帝销量榜,2026年05月,纯电动,1,20154,星愿,吉利银河,吉利银河,38751,5.98-9.18万,1,https://www.dongchedi.com/sales/sale-energy_1-x-x-x-x-x
2026-06-25T00:56:44,懂车帝销量榜,2026年05月,纯电动,2,4363,Model Y,特斯拉,特斯拉中国,28911,26.35-31.35万,3,https://www.dongchedi.com/sales/sale-energy_1-x-x-x-x-x
2026-06-25T00:56:44,懂车帝销量榜,2026年05月,纯电动,3,6187,小米SU7,小米汽车,小米汽车,24023,21.99-30.39万,2,https://www.dongchedi.com/sales/sale-energy_1-x-x-x-x-x
2026-06-25T00:56:44,懂车帝销量榜,2026年05月,纯电动,4,9267,零跑A10,零跑汽车,零跑汽车,22306,6.58-8.68万,8,https://www.dongchedi.com/sales/sale-energy_1-x-x-x-x-x
2026-06-25T00:56:44,懂车帝销量榜,2026年05月,纯电动,5,25557,理想i6,理想汽车,理想汽车,20878,24.98-26.98万,4,https://www.dongchedi.com/sales/sale-energy_1-x-x-x-x-x
2026-06-25T00:56:44,懂车帝销量榜,2026年05月,纯电动,6,3762,Model 3,特斯拉,特斯拉中国,18370,23.55-33.95万,42,https://www.dongchedi.com/sales/sale-energy_1-x-x-x-x-x
2026-06-25T00:56:44,懂车帝销量榜,2026年05月,纯电动,7,4499,五菱宏光MINIEV,五菱汽车,上汽通用五菱,18308,3.28-5.28万,11,https://www.dongchedi.com/sales/sale-energy_1-x-x-x-x-x
2026-06-25T00:56:44,懂车帝销量榜,2026年05月,纯电动,8,9689,元UP,比亚迪,比亚迪,17043,6.98-10.48万,7,https://www.dongchedi.com/sales/sale-energy_1-x-x-x-x-x
2026-06-25T00:56:44,懂车帝销量榜,2026年05月,纯电动,9,25634,长安启源Q05,长安启源,长安启源,15954,6.99-10.99万,5,https://www.dongchedi.com/sales/sale-energy_1-x-x-x-x-x
2026-06-25T00:56:44,懂车帝销量榜,2026年05月,纯电动,10,5828,MG4,名爵,上汽集团,15067,6.58-9.98万,12,https://www.dongchedi.com/sales/sale-energy_1-x-x-x-x-x
2026-06-25T00:56:44,懂车帝销量榜,2026年05月,插电式混动,1,25559,钛7 PHEV,方程豹,方程豹,16247,17.98-21.98万,1,https://www.dongchedi.com/sales/sale-energy_2-x-x-x-x-x
2026-06-25T00:56:44,懂车帝销量榜,2026年05月,插电式混动,2,3504,宋Pro DM,比亚迪,比亚迪,15497,9.78-12.99万,2,https://www.dongchedi.com/sales/sale-energy_2-x-x-x-x-x
2026-06-25T00:56:44,懂车帝销量榜,2026年05月,插电式混动,3,4802,秦PLUS DM,比亚迪,比亚迪,10716,6.78-9.48万,3,https://www.dongchedi.com/sales/sale-energy_2-x-x-x-x-x
2026-06-25T00:56:44,懂车帝销量榜,2026年05月,插电式混动,4,24670,ZEEKR 9X,极氪,极氪,9058,46.59-59.99万,4,https://www.dongchedi.com/sales/sale-energy_2-x-x-x-x-x
2026-06-25T00:56:44,懂车帝销量榜,2026年05月,插电式混动,5,25910,别克至境E7,别克,别克至境,7668,15.69-19.69万,21,https://www.dongchedi.com/sales/sale-energy_2-x-x-x-x-x
2026-06-25T00:56:44,懂车帝销量榜,2026年05月,插电式混动,6,20138,海狮05DM,比亚迪,比亚迪,7519,9.58-12.79万,37,https://www.dongchedi.com/sales/sale-energy_2-x-x-x-x-x
2026-06-25T00:56:44,懂车帝销量榜,2026年05月,插电式混动,7,25871,银河M7,吉利银河,吉利银河,7024,10.98-13.78万,59,https://www.dongchedi.com/sales/sale-energy_2-x-x-x-x-x
2026-06-25T00:56:44,懂车帝销量榜,2026年05月,插电式混动,8,25137,海豹05DM,比亚迪,比亚迪,6307,7.48-9.58万,11,https://www.dongchedi.com/sales/sale-energy_2-x-x-x-x-x
2026-06-25T00:56:44,懂车帝销量榜,2026年05月,插电式混动,9,9796,秦L DM,比亚迪,比亚迪,6185,8.98-11.98万,9,https://www.dongchedi.com/sales/sale-energy_2-x-x-x-x-x
2026-06-25T00:56:44,懂车帝销量榜,2026年05月,插电式混动,10,25555,ZEEKR 8X,极氪,极氪,6103,35.68-50.08万,30,https://www.dongchedi.com/sales/sale-energy_2-x-x-x-x-x
2026-06-25T00:56:45,懂车帝销量榜,2026年05月,增程式,1,25395,ID. ERA 9X,大众,上汽大众,5004,29.98-34.98万,4,https://www.dongchedi.com/sales/sale-energy_3-x-x-x-x-x
2026-06-25T00:56:45,懂车帝销量榜,2026年05月,增程式,2,5845,理想L6,理想汽车,理想汽车,4983,24.98-27.98万,1,https://www.dongchedi.com/sales/sale-energy_3-x-x-x-x-x
2026-06-25T00:56:45,懂车帝销量榜,2026年05月,增程式,3,25620,iCAR V27,iCAR,奇瑞新能源,3456,16.68-19.38万,2,https://www.dongchedi.com/sales/sale-energy_3-x-x-x-x-x
2026-06-25T00:56:45,懂车帝销量榜,2026年05月,增程式,4,25877,智己LS8,智己汽车,智己汽车,3090,24.98-29.98万,6,https://www.dongchedi.com/sales/sale-energy_3-x-x-x-x-x
2026-06-25T00:56:45,懂车帝销量榜,2026年05月,增程式,5,9723,北京越野BJ40增程,北京越野,北京汽车,2755,17.98-27.38万,3,https://www.dongchedi.com/sales/sale-energy_3-x-x-x-x-x
2026-06-25T00:56:45,懂车帝销量榜,2026年05月,增程式,6,5227,理想L9,理想汽车,理想汽车,2570,45.98-50.98万,14,https://www.dongchedi.com/sales/sale-energy_3-x-x-x-x-x
2026-06-25T00:56:45,懂车帝销量榜,2026年05月,增程式,7,9436,风云T11,奇瑞风云,奇瑞汽车,1459,17.69-23.69万,9,https://www.dongchedi.com/sales/sale-energy_3-x-x-x-x-x
2026-06-25T00:56:45,懂车帝销量榜,2026年05月,增程式,8,25607,智己LS9,智己汽车,智己汽车,1151,32.28-35.28万,7,https://www.dongchedi.com/sales/sale-energy_3-x-x-x-x-x
2026-06-25T00:56:45,懂车帝销量榜,2026年05月,增程式,9,9211,深蓝G318,深蓝汽车,深蓝汽车,721,17.99-22.49万,12,https://www.dongchedi.com/sales/sale-energy_3-x-x-x-x-x
2026-06-25T00:56:45,懂车帝销量榜,2026年05月,增程式,10,20025,五菱宏光增程版,五菱汽车,上汽通用五菱,570,6.00-7.98万,10,https://www.dongchedi.com/sales/sale-energy_3-x-x-x-x-x
